{
  "version": 1,
  "author": "Anonymous maker",
  "editor": "wokwi",
  "parts": [
    { "type": "wokwi-arduino-uno", "id": "uno", "top": 115.8, "left": 9, "attrs": {} },
    {
      "type": "wokwi-led",
      "id": "led1",
      "top": -166.8,
      "left": 205.4,
      "attrs": { "color": "limegreen" }
    },
    {
      "type": "wokwi-led",
      "id": "led2",
      "top": -166.8,
      "left": 157.4,
      "attrs": { "color": "yellow" }
    },
    {
      "type": "wokwi-led",
      "id": "led3",
      "top": -166.8,
      "left": 99.8,
      "attrs": { "color": "red" }
    },
    {
      "type": "wokwi-resistor",
      "id": "r1",
      "top": -91.2,
      "left": 85.85,
      "rotate": 90,
      "attrs": { "value": "220" }
    },
    {
      "type": "wokwi-resistor",
      "id": "r2",
      "top": -91.2,
      "left": 143.45,
      "rotate": 90,
      "attrs": { "value": "220" }
    },
    {
      "type": "wokwi-resistor",
      "id": "r3",
      "top": -91.2,
      "left": 191.45,
      "rotate": 90,
      "attrs": { "value": "220" }
    },
    {
      "type": "wokwi-led",
      "id": "led4",
      "top": -51.6,
      "left": 234.2,
      "attrs": { "color": "limegreen" }
    },
    {
      "type": "wokwi-led",
      "id": "led5",
      "top": -51.6,
      "left": 205.4,
      "attrs": { "color": "yellow" }
    },
    {
      "type": "wokwi-led",
      "id": "led6",
      "top": -51.6,
      "left": 176.6,
      "attrs": { "color": "red" }
    },
    {
      "type": "wokwi-led",
      "id": "led7",
      "top": -51.6,
      "left": 90.2,
      "attrs": { "color": "limegreen" }
    },
    {
      "type": "wokwi-led",
      "id": "led8",
      "top": -51.6,
      "left": 61.4,
      "attrs": { "color": "yellow" }
    },
    { "type": "wokwi-led", "id": "led9", "top": -51.6, "left": 32.6, "attrs": { "color": "red" } },
    {
      "type": "wokwi-resistor",
      "id": "r4",
      "top": 24,
      "left": 191.45,
      "rotate": 90,
      "attrs": { "value": "220" }
    },
    {
      "type": "wokwi-resistor",
      "id": "r5",
      "top": 24,
      "left": 220.25,
      "rotate": 90,
      "attrs": { "value": "220" }
    },
    {
      "type": "wokwi-resistor",
      "id": "r6",
      "top": 24,
      "left": 162.65,
      "rotate": 90,
      "attrs": { "value": "220" }
    },
    {
      "type": "wokwi-resistor",
      "id": "r7",
      "top": 24,
      "left": 76.25,
      "rotate": 90,
      "attrs": { "value": "220" }
    },
    {
      "type": "wokwi-resistor",
      "id": "r8",
      "top": 24,
      "left": 47.45,
      "rotate": 90,
      "attrs": { "value": "220" }
    },
    {
      "type": "wokwi-resistor",
      "id": "r9",
      "top": 24,
      "left": 18.65,
      "rotate": 90,
      "attrs": { "value": "220" }
    }
  ],
  "connections": [
    [ "led3:C", "r1:1", "green", [ "v0" ] ],
    [ "led2:C", "r2:1", "green", [ "v0" ] ],
    [ "led1:C", "r3:1", "green", [ "v0" ] ],
    [ "led9:C", "r9:1", "green", [ "v19.2", "h0.4" ] ],
    [ "led8:C", "r8:1", "green", [ "v0" ] ],
    [ "led7:C", "r7:1", "green", [ "v0" ] ],
    [ "led6:C", "r6:1", "green", [ "v0" ] ],
    [ "led5:C", "r4:1", "green", [ "v0" ] ],
    [ "led4:C", "r5:1", "green", [ "v0" ] ],
    [ "r3:2", "r2:2", "magenta", [ "h0" ] ],
    [ "r2:2", "r1:2", "magenta", [ "h0" ] ],
    [ "r1:2", "uno:GND.1", "magenta", [ "h9.6", "v181.2" ] ],
    [ "r5:2", "r4:2", "magenta", [ "h0" ] ],
    [ "r4:2", "r6:2", "magenta", [ "h0" ] ],
    [ "r6:2", "uno:GND.1", "magenta", [ "h-67.2", "v-1.2" ] ],
    [ "r9:2", "r8:2", "magenta", [ "h0" ] ],
    [ "r8:2", "r7:2", "magenta", [ "h0" ] ],
    [ "led9:A", "uno:5", "#8f4814", [ "v86.4", "h144", "v28.8", "h9.6" ] ],
    [ "led8:A", "uno:6", "#8f4814", [ "v96", "h9.6" ] ],
    [ "led7:A", "uno:7", "#8f4814", [ "v28.8", "h67.2", "v86.4", "h19.2" ] ],
    [ "led6:A", "uno:1", "green", [ "v76.8", "h57.6" ] ],
    [ "led5:A", "uno:2", "green", [ "v86.4", "h19.2" ] ],
    [ "led4:A", "uno:3", "green", [ "v105.6", "h-28.8" ] ],
    [ "r7:2", "uno:GND.1", "magenta", [ "h19.2", "v-1.2" ] ],
    [ "led3:A", "uno:10", "yellow", [ "v0", "h19.2" ] ],
    [ "led2:A", "uno:11", "yellow", [ "v76.8", "h-28.8" ] ],
    [ "led1:A", "uno:12", "yellow", [ "v57.6", "h-96" ] ]
  ],
  "dependencies": {}
}