{
  "version": 1,
  "author": "Anonymous maker",
  "editor": "wokwi",
  "parts": [
    { "type": "wokwi-arduino-uno", "id": "uno", "top": 106.2, "left": 9, "attrs": {} },
    {
      "type": "wokwi-led",
      "id": "led1",
      "top": -70.8,
      "left": 176.6,
      "attrs": { "color": "red" }
    },
    {
      "type": "wokwi-led",
      "id": "led2",
      "top": -70.8,
      "left": 32.6,
      "attrs": { "color": "limegreen" }
    },
    {
      "type": "wokwi-led",
      "id": "led3",
      "top": -70.8,
      "left": 99.8,
      "attrs": { "color": "yellow" }
    },
    {
      "type": "wokwi-resistor",
      "id": "r1",
      "top": 14.4,
      "left": 172.25,
      "rotate": 90,
      "attrs": { "value": "220" }
    },
    {
      "type": "wokwi-resistor",
      "id": "r2",
      "top": 14.4,
      "left": 28.25,
      "rotate": 90,
      "attrs": { "value": "220" }
    },
    {
      "type": "wokwi-resistor",
      "id": "r3",
      "top": 14.4,
      "left": 95.45,
      "rotate": 90,
      "attrs": { "value": "220" }
    }
  ],
  "connections": [
    [ "r2:1", "led2:A", "green", [ "h0" ] ],
    [ "r3:1", "led3:A", "green", [ "h0" ] ],
    [ "led1:A", "r1:1", "green", [ "v0" ] ],
    [ "r2:2", "uno:8", "green", [ "h0", "v27.6", "h124.8" ] ],
    [ "r3:2", "uno:9", "green", [ "h0", "v18", "h48" ] ],
    [ "r1:2", "uno:10", "green", [ "h0", "v37.2", "h-38.4" ] ],
    [ "led2:C", "uno:GND.1", "green", [ "v115.2", "h77.2" ] ],
    [ "led3:C", "uno:GND.1", "green", [ "v115.2", "h10" ] ],
    [ "led1:C", "uno:GND.1", "green", [ "v124.8", "h-66.8" ] ]
  ],
  "dependencies": {}
}